year,dayFromStart,day,month,LJ regija,po regija,kr regija,ce regija,foreign regija,nm regija,kk regija,mb regija,ms regija,za regija,ng regija,kp regija,tested_to_date,tested_today,age 15-24,age 15-24 FEMALE,age 15-24 MEN,age 25-34,age 25-34 FEMALE,age 25-34 MEN,age 35-44,age 35-44 FEMALE,age 35-44 MEN,age 45-54,age 45-54 FEMALE,age 45-54 MEN,age 55-64,age 55-64 FEMALE,age 55-64 MEN,age 65-74,age 65-74 FEMALE,age 65-74 MEN,age 75-84,age 75-84 FEMALE,age 75-84 MEN,age 85+,age 85+ FEMALE,age 85+ MEN
2020,-8,24,2,,,,,,,,,,,,,38,18,,,,,,,,,,,,,,,,,,,,,,,,
2020,-7,25,2,,,,,,,,,,,,,59,21,,,,,,,,,,,,,,,,,,,,,,,,
2020,-6,26,2,,,,,,,,,,,,,100,41,,,,,,,,,,,,,,,,,,,,,,,,
2020,-5,27,2,,,,,,,,,,,,,143,43,,,,,,,,,,,,,,,,,,,,,,,,
2020,-4,28,2,,,,,,,,,,,,,178,35,,,,,,,,,,,,,,,,,,,,,,,,
2020,-3,29,2,,,,,,,,,,,,,194,16,,,,,,,,,,,,,,,,,,,,,,,,
2020,-2,1,3,,,,,,,,,,,,,211,17,,,,,,,,,,,,,,,,,,,,,,,,
2020,-1,2,3,,,,,,,,,,,,,265,54,,,,,,,,,,,,,,,,,,,,,,,,
2020,0,3,3,,,,,,,,,,,,,313,48,,,,,,,,,,,,,,,,,,,,,,,,
2020,1,4,3,1,,,,,,,,,,,,364,51,,,,,,,,,,,,,1,,1,,,,,,,,,,1,1
2020,2,5,3,5,,,,,,,,1,,,,467,103,,,,2,,2,1,,1,1,1,,1,,1,1,,1,,,,,,,6,5
2020,3,6,3,7,,,,,1,,,2,,,,745,278,,,,3,1,2,1,,1,2,1,1,3,,3,1,,1,,,,,,,9,3
2020,4,7,3,8,,,,,3,,1,2,,,1,922,177,,,,7,3,4,1,,1,2,1,1,3,,3,2,1,1,,,,,,,13,4
2020,5,8,3,10,,,,,6,,1,2,,,1,1160,238,,,,7,3,4,1,,1,3,2,1,6,2,4,3,1,2,,,,,,,19,6
2020,6,9,3,16,,,,,11,,1,2,,,1,1527,367,1,,1,10,5,5,2,1,1,3,2,1,9,4,5,5,1,4,,,,1,1,,29,10
2020,7,10,3,27,2,,,,12,,3,2,,,2,2069,542,2,1,1,14,8,6,3,1,2,6,4,2,15,8,7,6,1,5,,,,2,1,1,47,18
2020,8,11,3,44,3,1,4,,18,,7,3,,1,2,2818,749,3,1,2,25,15,10,10,5,5,10,5,5,21,12,9,8,2,6,1,1,,3,1,2,77,30
2020,9,12,3,63,3,2,13,1,30,1,9,4,1,2,4,3863,1045,9,4,5,37,19,18,16,7,9,17,8,9,32,17,15,8,2,6,1,1,,5,2,3,127,50
2020,10,13,3,73,4,8,25,1,40,1,12,4,2,3,6,5060,1197,13,5,8,43,22,21,24,14,10,29,13,16,36,21,15,12,2,10,3,1,2,7,4,3,174,47
2020,11,14,3,87,6,11,32,1,41,1,18,5,2,3,7,5976,916,18,8,10,51,26,25,33,20,13,33,14,19,39,24,15,14,2,12,4,1,3,7,4,3,215,41
2020,12,15,3,96,11,16,38,1,45,1,21,5,2,3,8,6566,590,21,10,11,58,28,30,42,24,18,41,19,22,45,24,21,15,3,12,4,1,3,7,4,3,247,32
2020,13,16,3,106,11,18,38,2,47,1,24,5,2,4,8,7437,871,23,12,11,65,30,35,45,25,20,46,22,24,53,29,24,15,3,12,4,1,3,7,4,3,272,25
2020,14,17,3,107,12,18,40,2,50,1,27,5,2,4,8,8558,1121,24,12,12,67,31,36,47,26,21,49,23,26,54,30,24,15,3,12,4,1,3,7,4,3,283,11
2020,15,18,3,113,13,20,50,2,51,1,28,9,2,5,11,9584,1026,26,13,13,73,35,38,53,28,25,56,27,29,55,31,24,18,5,13,8,4,4,10,7,3,315,32
2020,16,19,3,120,13,23,56,2,54,2,30,9,2,5,11,10768,1184,27,13,14,78,38,40,55,30,25,59,27,32,58,31,27,20,6,14,12,6,6,13,8,5,339,24
2020,17,20,3,136,13,24,56,3,56,3,34,9,3,5,11,12010,1242,28,13,15,84,39,45,59,32,27,66,33,33,62,33,29,24,8,16,14,6,8,13,8,5,368,29
2020,18,21,3,148,14,28,68,3,57,5,36,9,5,6,11,12882,872,29,14,15,88,40,48,65,34,31,73,36,37,65,34,31,29,11,18,19,9,10,18,13,5,402,34
2020,19,22,3,159,16,29,78,3,58,5,43,9,5,6,12,13613,731,30,15,15,93,44,49,69,36,33,81,40,41,75,38,37,31,12,19,22,11,11,21,16,5,439,37
2020,20,23,3,176,16,31,87,3,58,6,46,10,7,6,12,14870,1257,31,16,15,96,46,50,70,37,33,91,46,45,81,40,41,35,13,22,27,12,15,26,20,6,478,39
2020,21,24,3,194,18,34,97,3,62,7,48,15,8,6,12,16113,1243,32,17,15,101,49,52,80,43,37,99,52,47,92,46,46,41,17,24,31,14,17,29,22,7,528,50
2020,22,25,3,210,21,40,107,3,65,7,52,15,10,7,12,17294,1181,35,20,15,103,51,52,88,46,42,108,57,51,102,49,53,51,21,30,33,14,19,32,24,8,577,49
2020,23,26,3,227,22,42,118,3,83,7,57,17,11,8,13,18369,1075,36,21,15,106,52,54,95,50,45,113,60,53,113,54,59,60,24,36,44,21,23,46,34,12,638,61
2020,24,27,3,249,26,50,122,3,87,7,58,19,12,9,13,19753,1384,38,22,16,108,54,54,104,56,48,125,67,58,122,58,64,68,27,41,49,23,26,51,37,14,691,53
2020,25,28,3,256,26,53,142,4,90,7,62,19,14,11,14,20752,999,45,24,21,111,55,56,107,58,49,131,71,60,131,59,72,74,31,43,55,27,28,58,42,16,737,46
2020,26,29,3,262,26,54,152,4,91,8,63,23,14,11,14,21349,597,45,24,21,112,56,56,109,58,51,135,73,62,134,61,73,76,32,44,62,31,31,62,45,17,763,26
2020,27,30,3,277,27,54,159,5,97,9,63,37,15,11,16,22474,1125,46,25,21,117,60,57,112,61,51,144,79,65,141,63,78,82,33,49,70,36,34,71,50,21,814,51
2020,28,31,3,284,27,58,164,5,98,9,65,49,18,14,16,23762,1288,48,27,21,120,63,57,118,66,52,152,81,71,146,67,79,88,35,53,73,39,34,74,52,22,855,41
2020,29,1,4,298,27,61,177,5,103,9,68,64,19,15,16,24857,1095,51,27,24,126,67,59,121,69,52,158,84,74,152,69,83,90,35,55,88,47,41,87,63,24,911,56
2020,30,2,4,306,28,63,187,5,106,10,71,73,19,15,18,25921,1064,52,27,25,130,71,59,125,72,53,164,87,77,159,73,86,94,38,56,95,51,44,94,69,25,948,37
2020,31,3,4,316,28,63,205,5,110,10,75,76,19,17,18,27109,1188,60,34,26,135,72,63,130,76,54,168,89,79,162,73,89,98,40,58,102,56,46,99,74,25,989,41
2020,32,4,4,318,28,63,214,5,110,10,78,80,19,17,18,27764,655,61,34,27,138,73,65,133,77,56,173,92,81,167,76,91,99,41,58,102,56,46,100,75,25,1009,20
2020,33,5,4,319,28,64,223,7,110,10,80,80,22,20,18,28253,489,61,34,27,140,74,66,137,80,57,176,95,81,170,76,94,101,43,58,104,57,47,107,82,25,1032,23
2020,34,6,4,328,28,67,233,7,110,10,84,87,23,20,18,29455,1202,62,34,28,146,77,69,141,82,59,182,100,82,172,78,94,105,46,59,108,59,49,115,88,27,1067,35
2020,35,7,4,344,28,68,239,7,111,10,89,90,24,20,18,30669,1214,65,35,30,152,81,71,143,83,60,192,106,86,176,79,97,109,49,60,112,61,51,117,89,28,1103,36
2020,36,8,4,358,28,73,246,7,113,10,93,90,24,20,18,31813,1144,68,38,30,160,86,74,149,85,64,199,110,89,180,81,99,109,49,60,113,62,51,120,91,29,1136,33
2020,37,9,4,368,28,73,250,7,118,11,95,102,24,20,18,33047,1234,70,40,30,165,90,75,154,87,67,204,114,90,186,85,101,111,50,61,116,63,53,127,97,30,1171,35
2020,38,10,4,375,29,74,255,7,123,11,98,108,24,20,19,34279,1232,75,44,31,172,94,78,156,89,67,209,118,91,191,87,104,111,50,61,120,65,55,128,98,30,1199,28
2020,39,11,4,375,29,74,257,7,126,11,99,118,25,20,19,34851,572,79,46,33,173,95,78,159,90,69,210,118,92,192,88,104,113,50,63,122,66,56,131,99,32,1216,17
2020,40,12,4,379,29,75,258,7,126,11,99,118,25,21,19,35405,554,81,48,33,174,95,79,160,91,69,211,118,93,193,89,104,114,51,63,122,66,56,131,99,32,1223,7
2020,41,13,4,380,29,75,258,8,127,12,103,118,25,21,19,35946,541,82,48,34,176,97,79,163,92,71,212,118,94,194,89,105,114,51,63,122,66,56,131,99,32,1231,8
2020,42,14,4,385,30,75,261,8,127,12,106,129,27,21,21,37114,1168,82,48,34,182,99,83,164,93,71,218,122,96,198,93,105,116,52,64,126,68,58,135,103,32,1258,27
2020,43,15,4,390,30,75,262,8,130,12,107,138,29,21,21,38137,1023,83,49,34,185,101,84,165,94,71,221,122,99,199,93,106,117,52,65,130,71,59,142,108,34,1279,21
2020,44,16,4,393,30,75,279,8,135,13,109,143,29,21,22,39330,1193,87,52,35,189,103,86,169,96,73,226,126,100,201,94,107,121,54,67,137,73,64,147,112,35,1315,36
2020,45,17,4,394,30,75,283,9,138,13,109,146,29,21,23,40580,1250,88,53,35,190,103,87,172,99,73,227,127,100,204,95,109,122,55,67,138,74,64,149,114,35,1328,13
2020,46,18,4,394,30,76,289,9,139,13,109,151,29,21,23,41265,685,90,54,36,193,106,87,174,99,75,227,127,100,204,95,109,122,55,67,141,75,66,152,117,35,1341,13
2020,47,19,4,396,30,76,290,9,139,13,110,151,29,21,23,41802,537,91,54,37,194,106,88,175,100,75,228,128,100,205,95,110,122,55,67,141,75,66,152,117,35,1346,5
2020,48,20,4,399,30,76,293,9,141,13,110,151,29,21,23,42976,1174,94,56,38,194,106,88,176,101,75,230,128,102,205,95,110,122,55,67,144,77,67,152,117,35,1355,9
2020,49,21,4,400,30,76,294,9,143,13,111,154,30,21,23,44454,1478,94,56,38,196,107,89,178,102,76,230,128,102,205,95,110,123,56,67,145,78,67,153,118,35,1364,9
2020,50,22,4,407,30,78,294,9,145,13,112,155,30,21,23,45911,1457,96,57,39,196,107,89,180,103,77,232,129,103,206,96,110,126,57,69,145,78,67,156,121,35,1377,13
2020,51,23,4,407,30,79,294,9,146,13,114,158,30,21,23,47421,1510,96,57,39,198,108,90,182,105,77,233,129,104,206,96,110,126,57,69,145,78,67,158,123,35,1384,7
2020,52,24,4,409,30,82,294,9,146,13,117,162,32,22,23,48801,1380,97,58,39,200,109,91,185,107,78,236,130,106,206,96,110,128,58,70,148,80,68,159,124,35,1399,15
2020,53,25,4,414,30,82,294,9,146,13,117,165,32,22,23,49813,1012,98,58,40,200,109,91,186,107,79,237,131,106,209,98,111,128,58,70,149,81,68,160,124,36,1407,8
2020,54,26,4,414,30,83,295,9,147,13,119,166,32,22,23,50644,831,99,59,40,201,110,91,188,107,81,237,131,106,209,98,111,128,58,70,150,81,69,160,124,36,1413,6
2020,55,27,4,414,30,84,299,9,147,13,119,167,32,22,23,51470,826,99,59,40,201,110,91,189,107,82,237,131,106,209,98,111,129,58,71,153,84,69,161,125,36,1419,6
2020,56,28,4,415,30,84,299,9,148,13,119,173,32,22,23,52830,1360,99,59,40,202,111,91,190,107,83,237,131,106,212,100,112,130,59,71,154,84,70,163,127,36,1428,9
2020,57,29,4,416,30,84,301,9,149,13,122,176,33,22,23,54200,1370,99,59,40,203,112,91,193,108,85,239,132,107,214,100,114,131,60,71,154,84,70,164,128,36,1439,11
2020,58,30,4,417,30,84,301,9,149,13,123,179,33,22,23,55582,1382,99,59,40,204,112,92,194,109,85,240,132,108,214,100,114,131,60,71,155,84,71,165,129,36,1444,5
2020,59,1,5,417,30,84,302,9,150,13,124,181,33,22,23,56353,771,99,59,40,204,112,92,194,109,85,242,133,109,214,100,114,131,60,71,157,86,71,166,130,36,1449,5
2020,60,2,5,417,30,84,302,9,150,13,124,181,33,22,23,56888,535,99,59,40,204,112,92,194,109,85,242,133,109,214,100,114,131,60,71,157,86,71,166,130,36,1449,5
2020,61,3,5,417,30,84,302,9,150,13,124,181,33,22,23,57504,616,99,59,40,204,112,92,194,109,85,242,133,109,214,100,114,131,60,71,157,86,71,166,130,36,1449,5
2020,62,4,5,417,30,84,303,9,150,13,124,186,33,22,23,58842,1338,99,59,40,206,114,92,194,109,85,242,133,109,214,100,114,132,61,71,158,87,71,168,132,36,1455,6
2020,63,5,5,417,30,84,303,9,151,13,124,188,33,22,23,60291,1449,99,59,40,206,114,92,194,109,85,242,133,109,214,100,114,132,61,71,159,88,71,169,133,36,1458,3
2020,64,6,5,417,30,84,304,9,151,13,124,188,33,22,23,61346,1055,99,59,40,206,114,92,195,110,85,242,133,109,214,100,114,132,61,71,159,88,71,169,133,36,1459,1
2020,65,7,5,417,30,85,304,9,151,13,124,188,33,22,23,62395,1049,99,59,40,206,114,92,195,110,85,242,133,109,214,100,114,132,61,71,159,88,71,169,133,36,1460,1
2020,66,8,5,418,30,86,304,9,151,13,124,188,34,22,23,63571,1176,99,59,40,208,115,93,196,110,86,242,133,109,215,100,115,132,61,71,159,88,71,169,133,36,1464,4
2020,67,9,5,419,30,86,305,9,152,13,124,188,34,22,23,64196,625,100,60,40,208,115,93,197,110,87,242,133,109,215,100,115,132,61,71,159,88,71,169,133,36,1467,3
2020,68,10,5,422,30,86,305,9,152,13,124,188,34,22,23,64733,537,101,60,41,208,115,93,199,111,88,242,133,109,215,100,115,132,61,71,159,88,71,169,133,36,1470,3
2020,69,11,5,422,30,86,306,9,152,13,124,188,34,22,23,65915,1182,101,60,41,208,115,93,199,111,88,242,133,109,216,101,115,132,61,71,159,88,71,169,133,36,1471,1
2020,70,12,5,422,30,86,306,9,153,13,125,188,34,22,23,67062,1147,102,61,41,208,115,93,199,111,88,242,133,109,216,101,115,132,61,71,160,88,72,169,133,36,1473,2
2020,71,13,5,422,30,86,306,9,153,13,125,188,34,23,23,68046,984,102,61,41,208,115,93,200,111,89,242,133,109,216,101,115,132,61,71,160,88,72,169,133,36,1474,1
2020,72,14,5,422,30,86,306,10,153,13,125,188,34,23,23,69069,1023,102,61,41,208,115,93,200,111,89,242,133,109,217,101,116,132,61,71,160,88,72,169,133,36,1475,1
2020,73,15,5,422,30,86,306,10,153,13,125,188,34,23,23,70220,1151,102,61,41,208,115,93,200,111,89,242,133,109,217,101,116,132,61,71,160,88,72,169,133,36,1475,1
2020,74,16,5,422,30,86,307,10,153,13,125,188,34,23,23,70731,511,102,61,41,208,115,93,201,112,89,242,133,109,217,101,116,132,61,71,160,88,72,169,133,36,1476,1
2020,75,17,5,422,30,86,307,10,153,13,125,188,34,23,23,71210,479,102,61,41,208,115,93,201,112,89,242,133,109,217,101,116,132,61,71,160,88,72,169,133,36,1476,1
2020,76,18,5,423,30,86,307,10,153,13,125,188,34,23,23,72338,1128,103,61,42,208,115,93,201,112,89,242,133,109,217,101,116,132,61,71,160,88,72,169,133,36,1477,1
2020,77,19,5,423,30,86,307,10,154,13,125,188,34,23,23,73319,981,103,61,42,208,115,93,201,112,89,242,133,109,217,101,116,132,61,71,160,88,72,170,134,36,1478,1
2020,78,20,5,423,30,86,307,10,154,13,125,188,34,23,23,74228,909,103,61,42,208,115,93,201,112,89,242,133,109,217,101,116,132,61,71,160,88,72,170,134,36,1478,1
2020,79,21,5,423,30,86,307,10,154,13,125,188,34,23,23,75110,882,103,61,42,208,115,93,201,112,89,242,133,109,217,101,116,132,61,71,160,88,72,170,134,36,1478,1
2020,80,22,5,423,30,86,307,10,154,13,125,188,34,23,23,75787,677,103,61,42,208,115,93,201,112,89,242,133,109,217,101,116,132,61,71,160,88,72,170,134,36,1478,1
2020,81,23,5,423,30,86,307,10,154,13,125,188,34,23,23,76128,341,103,61,42,208,115,93,201,112,89,242,133,109,217,101,116,132,61,71,160,88,72,170,134,36,1478,1
2020,82,24,5,423,30,86,307,11,154,13,125,188,34,23,23,76384,256,103,61,42,209,116,93,201,112,89,242,133,109,217,101,116,132,61,71,160,88,72,170,134,36,1479,1
2020,83,25,5,423,30,86,307,11,154,13,125,188,34,23,23,77138,754,103,61,42,209,116,93,201,112,89,242,133,109,217,101,116,132,61,71,160,88,72,170,134,36,1479,1
2020,84,26,5,424,30,86,307,12,154,13,125,188,34,23,23,77947,809,103,61,42,210,116,94,201,112,89,242,133,109,217,101,116,132,61,71,160,88,72,170,134,36,1481,2
2020,85,27,5,425,30,86,307,12,154,14,125,188,34,23,23,78578,631,104,62,42,210,116,94,202,113,89,242,133,109,217,101,116,132,61,71,160,88,72,170,134,36,1483,2
2020,86,28,5,425,30,86,307,12,154,14,125,188,34,23,23,79284,706,104,62,42,210,116,94,202,113,89,242,133,109,217,101,116,132,61,71,160,88,72,170,134,36,1483,2
2020,87,29,5,425,30,86,307,12,154,14,125,188,34,23,23,79897,613,104,62,42,210,116,94,202,113,89,242,133,109,217,101,116,132,61,71,160,88,72,170,134,36,1483,2
2020,88,30,5,425,30,86,307,12,154,14,125,188,34,23,23,80161,264,104,62,42,210,116,94,202,113,89,242,133,109,217,101,116,132,61,71,160,88,72,170,134,36,1483,2
2020,89,31,5,425,30,86,307,12,154,14,125,188,34,23,23,80407,246,104,62,42,210,116,94,202,113,89,242,133,109,217,101,116,132,61,71,160,88,72,170,134,36,1483,2
2020,90,1,6,426,30,86,307,12,154,14,126,188,34,23,23,81066,659,104,62,42,210,116,94,202,113,89,244,135,109,217,101,116,132,61,71,160,88,72,170,134,36,1485,2
2020,91,2,6,426,30,86,307,12,154,14,128,188,34,23,23,81873,807,104,62,42,210,116,94,202,113,89,244,135,109,217,101,116,132,61,71,160,88,72,170,134,36,1487,2
2020,92,3,6,426,30,86,307,12,154,14,128,188,34,23,23,82701,828,104,62,42,210,116,94,202,113,89,244,135,109,217,101,116,132,61,71,160,88,72,170,134,36,1487,2
2020,93,4,6,427,30,87,307,12,154,14,128,188,34,23,23,83529,828,104,62,42,211,117,94,202,113,89,245,135,110,217,101,116,132,61,71,160,88,72,170,134,36,1489,2
2020,94,5,6,428,30,91,307,12,154,14,128,188,34,23,23,84244,715,104,62,42,214,118,96,202,113,89,246,136,110,217,101,116,132,61,71,160,88,72,170,134,36,1494,5
2020,95,6,6,428,30,92,307,12,154,14,128,188,34,23,23,84473,229,104,62,42,215,118,97,202,113,89,246,136,110,217,101,116,132,61,71,160,88,72,170,134,36,1495,1
2020,96,7,6,428,30,92,307,12,154,14,128,188,34,23,23,84684,211,104,62,42,215,118,97,202,113,89,246,136,110,217,101,116,132,61,71,160,88,72,170,134,36,1495,1
2020,97,8,6,428,30,93,307,12,154,14,128,188,34,23,23,85498,814,104,62,42,215,118,97,202,113,89,246,136,110,218,101,117,132,61,71,160,88,72,170,134,36,1496,1
2020,98,9,6,429,30,94,307,12,154,14,128,188,34,23,23,86236,738,104,62,42,216,119,97,203,114,89,246,136,110,218,101,117,132,61,71,160,88,72,170,134,36,1498,2
2020,99,10,6,429,30,94,307,12,154,14,128,188,34,23,23,86994,758,104,62,42,216,119,97,203,114,89,246,136,110,218,101,117,132,61,71,160,88,72,170,134,36,1498,2
2020,100,11,6,429,30,94,307,12,154,14,128,188,34,23,25,87696,702,104,62,42,217,120,97,203,114,89,247,137,110,218,101,117,132,61,71,160,88,72,170,134,36,1500,2
2020,101,12,6,429,30,94,307,12,154,14,129,188,34,24,25,88463,767,104,62,42,217,120,97,204,115,89,247,137,110,219,101,118,132,61,71,160,88,72,170,134,36,1502,2
2020,102,13,6,429,30,95,307,12,154,14,129,188,34,26,25,88754,291,105,62,43,217,120,97,205,115,90,247,137,110,219,101,118,132,61,71,160,88,72,170,134,36,1505,3
2020,103,14,6,429,30,96,307,12,154,14,129,188,34,26,25,88966,212,105,62,43,217,120,97,205,115,90,247,137,110,220,101,119,132,61,71,160,88,72,170,134,36,1506,1
2020,104,15,6,429,31,96,307,12,154,15,129,188,34,26,26,89533,567,105,62,43,218,120,98,206,115,91,247,137,110,221,101,120,132,61,71,160,88,72,170,134,36,1509,3
2020,105,16,6,431,31,98,307,12,154,15,129,188,34,26,26,90519,986,105,62,43,219,120,99,206,115,91,250,139,111,221,101,120,132,61,71,160,88,72,170,134,36,1513,4
2020,106,17,6,434,31,98,307,15,154,16,129,188,34,26,27,91471,952,105,62,43,224,121,103,207,115,92,251,139,112,222,101,121,132,61,71,160,88,72,170,134,36,1521,8
2020,107,18,6,435,31,98,307,15,154,16,129,188,34,26,28,92373,902,105,62,43,224,121,103,207,115,92,252,139,113,223,101,122,132,61,71,160,88,72,170,134,36,1523,2
2020,108,19,6,438,31,98,307,15,154,16,129,188,34,26,31,93520,1147,105,62,43,226,122,104,208,116,92,252,139,113,223,101,122,133,62,71,160,88,72,170,134,36,1529,6
2020,109,20,6,438,31,98,308,15,154,16,129,188,34,26,31,94278,758,105,62,43,226,122,104,209,117,92,252,139,113,223,101,122,133,62,71,160,88,72,170,134,36,1530,1
2020,110,21,6,439,31,98,308,15,154,16,129,188,34,26,31,94549,271,105,62,43,226,122,104,210,117,93,252,139,113,223,101,122,133,62,71,160,88,72,170,134,36,1531,1
2020,111,22,6,441,37,98,309,16,155,16,129,189,34,26,32,95533,984,107,62,45,230,124,106,211,117,94,256,142,114,225,102,123,133,62,71,160,88,72,170,134,36,1544,13
2020,112,23,6,442,37,98,311,17,155,16,129,189,34,26,34,96755,1222,109,62,47,232,125,107,212,117,95,257,142,115,225,102,123,133,62,71,160,88,72,170,134,36,1550,6
2020,113,24,6,443,37,100,312,17,155,16,130,189,34,26,35,97967,1212,111,62,49,233,125,108,214,117,97,257,142,115,226,103,123,133,62,71,160,88,72,170,134,36,1556,6
2020,114,25,6,448,37,103,313,17,155,16,130,190,34,27,35,98810,843,111,62,49,234,125,109,218,119,99,258,142,116,227,103,124,133,62,71,160,88,72,170,134,36,1567,11
2020,115,26,6,451,39,103,314,17,158,16,130,190,35,27,39,99688,878,115,64,51,236,127,109,218,119,99,262,143,119,230,105,125,133,62,71,160,88,72,171,135,36,1581,14
2020,116,27,6,453,39,104,314,17,158,16,131,190,35,28,42,100313,625,119,65,54,237,127,110,221,119,102,262,143,119,230,105,125,133,62,71,160,88,72,171,135,36,1590,9
2020,117,28,6,454,39,104,314,17,158,16,131,190,35,28,42,100613,300,121,66,55,238,127,111,222,120,102,262,143,119,230,105,125,133,62,71,160,88,72,171,135,36,1594,4
2020,118,29,6,460,39,104,314,19,159,16,137,190,35,28,42,101698,1085,121,66,55,244,128,116,227,122,105,265,144,121,231,106,125,133,62,71,160,88,72,171,135,36,1609,15
2020,119,30,6,466,39,105,314,19,159,17,139,190,35,29,43,103097,1399,122,66,56,249,129,120,228,122,106,270,146,124,232,107,125,133,62,71,160,88,72,171,135,36,1622,13
2020,120,1,7,473,41,105,314,19,159,17,141,190,35,29,44,104295,1198,128,69,59,256,132,124,231,124,107,274,148,126,233,107,126,133,62,71,160,88,72,171,135,36,1643,21
2020,121,2,7,478,42,105,314,19,159,18,144,191,36,30,45,105569,1274,133,73,60,262,135,127,234,125,109,275,148,127,234,108,126,133,62,71,160,88,72,171,135,36,1659,16
2020,122,3,7,488,44,107,317,19,159,18,147,195,36,32,46,107025,1456,139,76,63,268,137,131,240,127,113,280,151,129,237,110,127,135,62,73,161,89,72,172,135,37,1689,30
2020,123,4,7,493,45,107,317,19,159,18,152,195,36,38,47,107741,716,143,78,65,274,142,132,243,129,114,283,153,130,239,111,128,135,62,73,162,90,72,174,137,37,1710,21
2020,124,5,7,496,45,107,317,19,159,18,154,195,36,49,47,108271,530,147,80,67,274,142,132,246,132,114,284,154,130,241,113,128,135,62,73,164,91,73,177,140,37,1726,16
2020,125,6,7,498,54,107,317,19,160,18,160,195,37,51,47,109596,1325,148,81,67,279,146,133,248,134,114,291,158,133,243,115,128,137,63,74,164,91,73,177,140,37,1749,23
2020,126,7,7,502,54,108,318,19,163,20,164,196,37,53,51,111203,1607,151,82,69,288,148,140,251,134,117,295,161,134,246,116,130,139,63,76,164,91,73,177,140,37,1773,24
2020,127,8,7,505,57,108,319,19,164,20,165,196,39,54,52,112474,1271,154,83,71,291,148,143,252,135,117,296,161,135,248,116,132,139,63,76,166,91,75,178,141,37,1786,13
2020,128,9,7,509,57,109,321,20,164,21,166,197,41,55,53,113864,1390,156,85,71,295,149,146,257,138,119,300,162,138,250,118,132,139,63,76,166,91,75,178,141,37,1803,17
2020,129,10,7,512,61,110,330,21,165,21,167,199,46,56,55,115023,1159,160,86,74,303,151,152,264,142,122,308,166,142,254,121,133,140,63,77,166,91,75,179,141,38,1837,34
2020,130,11,7,513,61,115,330,21,166,21,167,205,46,58,55,115583,560,165,86,79,306,153,153,266,143,123,309,167,142,256,121,135,141,64,77,166,91,75,180,142,38,1851,14
2020,131,12,7,515,61,115,332,21,166,21,168,207,47,58,55,116023,440,167,86,81,306,153,153,268,144,124,310,168,142,257,121,136,142,65,77,167,92,75,180,142,38,1859,8
2020,132,13,7,516,61,116,333,21,167,21,168,209,50,59,55,117241,1218,169,86,83,306,153,153,270,146,124,311,169,142,259,123,136,142,65,77,170,94,76,180,142,38,1869,10
2020,133,14,7,518,61,118,341,21,168,21,169,210,52,59,56,118353,1112,170,87,83,310,155,155,272,147,125,316,171,145,259,123,136,146,67,79,171,95,76,180,142,38,1887,18
2020,134,15,7,522,61,119,342,21,168,22,170,211,59,61,56,119385,1032,172,87,85,317,158,159,273,148,125,319,173,146,263,126,137,148,67,81,171,95,76,180,142,38,1906,19
2020,135,16,7,526,62,120,344,21,169,23,171,211,66,61,57,120397,1012,173,87,86,321,159,162,273,148,125,322,173,149,267,127,140,151,67,84,171,95,76,183,144,39,1925,19
2020,136,17,7,532,63,124,347,21,170,25,171,214,70,61,57,121424,1027,174,87,87,327,160,167,280,151,129,325,175,150,270,127,143,153,67,86,172,96,76,184,144,40,1949,24
2020,137,18,7,532,63,126,347,21,170,25,171,217,71,61,57,121904,480,175,87,88,328,161,167,281,152,129,328,178,150,270,127,143,153,67,86,172,96,76,184,144,40,1955,6
2020,138,19,7,534,63,126,347,21,170,25,171,217,73,63,57,122275,371,175,87,88,328,161,167,283,152,131,330,179,151,271,127,144,154,67,87,172,96,76,185,144,41,1962,7
2020,139,20,7,537,65,129,348,21,171,25,171,219,84,64,57,123189,914,178,88,90,329,162,167,285,152,133,333,181,152,276,131,145,155,67,88,174,97,77,192,150,42,1986,24
2020,140,21,7,545,66,132,354,21,172,25,171,220,91,64,57,124339,1150,178,88,90,332,164,168,292,155,137,342,186,156,279,133,146,160,71,89,175,97,78,193,151,42,2015,29
2020,141,22,7,552,67,136,357,21,173,25,171,220,101,65,57,125274,935,181,88,93,337,167,170,297,158,139,344,187,157,281,135,146,162,72,90,177,99,78,199,155,44,2042,27
2020,142,23,7,558,68,136,363,21,174,27,172,220,103,65,57,126122,848,184,89,95,340,168,172,303,161,142,346,189,157,282,135,147,163,73,90,179,100,79,199,155,44,2061,19
2020,143,24,7,560,70,139,368,21,174,28,172,220,103,66,57,127040,918,184,89,95,344,169,175,304,162,142,350,191,159,285,137,148,163,73,90,180,101,79,199,155,44,2075,14
2020,144,25,7,562,70,139,369,21,174,28,172,220,116,66,57,127605,565,184,89,95,346,170,176,305,162,143,350,191,159,286,138,148,167,75,92,184,104,80,203,159,44,2091,16
2020,145,26,7,566,70,140,369,21,174,28,172,220,116,66,57,127940,335,185,90,95,347,171,176,305,162,143,350,191,159,286,138,148,170,76,94,184,104,80,203,159,44,2096,5
2020,146,27,7,568,74,142,372,21,174,28,173,220,117,66,58,128814,874,188,91,97,348,172,176,309,163,146,353,193,160,288,139,149,170,76,94,184,104,80,204,160,44,2110,14
2020,147,28,7,571,75,144,374,21,175,28,173,221,119,67,58,129733,919,188,91,97,351,173,178,309,163,146,357,194,163,290,139,151,173,78,95,184,104,80,206,160,46,2124,14
2020,148,29,7,580,78,144,380,21,177,28,174,221,120,68,59,130612,879,188,91,97,354,175,179,312,165,147,364,199,165,294,141,153,176,80,96,184,104,80,208,162,46,2148,24
2020,149,30,7,583,81,145,384,21,180,28,174,222,121,69,59,131529,917,191,93,98,356,177,179,316,166,150,369,202,167,297,143,154,176,80,96,184,104,80,208,162,46,2165,17
2020,150,31,7,588,81,148,386,22,181,28,175,222,122,69,59,132421,892,196,94,102,361,180,181,317,166,151,371,202,169,299,143,156,176,80,96,184,104,80,208,162,46,2180,15
2020,151,1,8,590,81,151,389,22,181,28,175,222,123,69,59,132795,374,198,94,104,362,180,182,319,167,152,374,204,170,300,143,157,176,80,96,184,104,80,208,162,46,2189,9
2020,152,2,8,590,81,151,389,22,181,28,175,222,123,69,59,133067,272,198,94,104,362,180,182,320,168,152,374,204,170,300,143,157,176,80,96,184,104,80,208,162,46,2190,1
2020,153,3,8,592,81,152,392,22,181,28,175,222,126,69,59,133957,890,201,95,106,362,180,182,320,168,152,376,204,172,302,145,157,176,80,96,184,104,80,210,164,46,2199,9
2020,154,4,8,595,82,155,400,23,181,28,176,222,126,70,59,134931,974,205,97,108,366,181,185,323,169,154,376,204,172,306,146,160,178,81,97,184,104,80,211,165,46,2217,18
2020,155,5,8,602,83,156,402,23,181,28,177,222,128,70,60,135702,771,209,98,111,367,181,186,325,170,155,378,204,174,308,148,160,180,83,97,185,104,81,212,166,46,2232,15
2020,156,6,8,606,83,156,405,23,181,28,179,222,128,71,60,136455,753,213,98,115,369,181,188,327,170,157,378,204,174,309,149,160,180,83,97,185,104,81,212,166,46,2242,10
2020,157,7,8,609,84,156,410,24,182,28,180,222,128,71,60,137284,829,216,99,117,372,181,191,329,172,157,381,207,174,309,149,160,181,83,98,186,104,82,212,166,46,2256,14
2020,158,8,8,609,84,156,410,24,183,28,180,222,128,71,60,137588,304,216,99,117,373,181,192,329,172,157,382,208,174,309,149,160,181,83,98,186,104,82,212,166,46,2258,2
2020,159,9,8,613,84,156,411,24,184,28,180,222,128,71,60,137910,322,217,99,118,374,182,192,331,173,158,383,208,175,309,149,160,181,83,98,187,104,83,212,166,46,2264,6
2020,160,10,8,623,84,157,413,24,185,28,181,222,128,72,61,138968,1058,222,100,122,378,183,195,332,173,159,384,208,176,312,150,162,183,83,100,187,104,83,212,166,46,2281,17
2020,161,11,8,636,84,157,418,25,187,28,185,222,129,74,62,140086,1118,235,101,134,385,187,198,335,173,162,387,210,177,317,152,165,183,83,100,187,104,83,212,166,46,2312,31
2020,162,12,8,646,85,160,419,25,191,29,187,222,130,75,65,140942,856,246,103,143,396,192,204,336,173,163,388,210,178,319,154,165,185,85,100,188,105,83,212,166,46,2341,29
2020,163,13,8,663,85,162,426,25,194,30,188,223,131,76,65,141879,937,258,106,152,404,193,211,342,176,166,393,214,179,321,155,166,186,85,101,189,106,83,213,166,47,2378,37
2020,164,14,8,675,85,162,435,25,197,30,189,223,133,77,66,142913,1034,267,107,160,411,196,215,343,176,167,400,217,183,323,157,166,189,87,102,190,107,83,214,167,47,2410,32
2020,165,15,8,683,85,165,437,25,197,30,189,223,134,77,67,143295,382,272,107,165,411,196,215,346,177,169,404,219,185,325,157,168,189,87,102,190,107,83,214,167,47,2425,15
2020,166,16,8,689,85,165,438,25,200,30,190,224,134,77,67,143688,393,275,108,167,413,196,217,350,179,171,404,219,185,327,158,169,190,87,103,190,107,83,214,167,47,2438,13
2020,167,17,8,696,86,166,442,25,204,30,194,226,134,78,67,144831,1143,286,113,173,419,201,218,354,179,175,405,219,186,331,160,171,191,87,104,190,107,83,214,167,47,2465,27
2020,168,18,8,704,86,174,446,28,208,30,199,227,136,78,69,145923,1092,300,118,182,426,205,221,360,181,179,410,222,188,334,161,173,191,87,104,190,107,83,215,168,47,2502,37
2020,169,19,8,718,89,178,457,28,214,31,200,227,137,79,70,147091,1168,310,123,187,437,209,228,367,184,183,414,226,188,335,161,174,196,90,106,193,109,84,216,169,47,2545,43
2020,170,20,8,732,89,178,465,28,220,33,201,231,137,79,71,148187,1096,322,128,194,439,210,229,370,186,184,424,230,194,340,163,177,200,92,108,194,109,85,216,169,47,2583,38
2020,171,21,8,749,90,178,471,29,226,35,207,231,137,79,73,149390,1203,337,135,202,444,211,233,377,188,189,429,233,196,346,168,178,202,93,109,194,109,85,218,171,47,2626,43
2020,172,22,8,759,90,179,474,31,231,36,210,234,138,79,75,150150,760,347,140,207,453,214,239,381,190,191,435,237,198,348,169,179,204,94,110,194,109,85,218,171,47,2660,34
2020,173,23,8,763,90,179,476,31,236,36,211,234,138,79,75,150693,543,351,142,209,461,216,245,382,191,191,436,238,198,348,169,179,204,94,110,194,109,85,218,171,47,2674,14
2020,174,24,8,768,90,179,480,31,238,37,211,235,138,83,75,152063,1370,354,144,210,463,218,245,386,193,193,440,241,199,348,169,179,205,94,111,197,111,86,220,173,47,2695,21
2020,175,25,8,780,90,181,487,34,238,39,211,239,138,84,78,153502,1439,360,149,211,470,220,250,390,195,195,449,245,204,349,170,179,209,95,114,198,112,86,221,173,48,2731,36
2020,176,26,8,789,91,182,492,34,239,39,217,239,139,86,80,154801,1299,361,150,211,479,224,255,395,198,197,457,247,210,355,172,183,211,96,115,199,112,87,221,173,48,2764,33
2020,177,27,8,798,91,184,502,35,241,43,225,240,139,86,82,156139,1338,366,153,213,490,226,264,402,204,198,464,250,214,359,174,185,214,97,117,202,112,90,221,173,48,2806,42
2020,178,28,8,812,92,186,508,36,244,44,227,245,140,86,82,157467,1328,368,154,214,499,228,271,409,210,199,474,254,220,360,174,186,216,98,118,204,113,91,222,173,49,2843,37
2020,179,29,8,822,92,192,514,38,246,44,229,247,140,86,82,158236,769,371,155,216,506,230,276,417,215,202,480,258,222,364,175,189,217,99,118,205,114,91,222,173,49,2874,31
2020,180,30,8,833,92,192,514,38,246,49,230,247,140,86,83,158824,588,372,156,216,507,231,276,423,219,204,484,260,224,366,176,190,218,100,118,207,116,91,223,174,49,2892,18
2020,181,31,8,840,94,193,525,38,249,54,235,253,140,86,84,160239,1415,375,158,217,512,234,278,433,221,212,493,264,229,370,179,191,220,101,119,210,118,92,223,174,49,2933,41
2020,182,1,9,853,94,200,532,43,249,58,245,256,142,87,85,161847,1608,381,162,219,519,236,283,446,228,218,505,269,236,377,181,196,221,102,119,213,119,94,225,176,49,2988,55
2020,183,2,9,873,95,205,537,45,252,59,250,261,143,88,87,163500,1653,387,163,224,532,239,293,459,234,225,517,278,239,385,187,198,222,102,120,213,119,94,225,176,49,3041,53
2020,184,3,9,890,95,208,548,45,255,64,253,264,143,88,87,165233,1733,395,165,230,542,246,296,468,238,230,523,281,242,390,188,202,225,103,122,214,119,95,225,176,49,3088,47
2020,185,4,9,903,95,211,556,46,258,66,259,266,143,88,88,166941,1708,399,166,233,549,250,299,477,244,233,531,286,245,397,194,203,226,103,123,217,121,96,225,176,49,3131,43
2020,186,5,9,918,95,213,569,47,261,66,266,267,143,88,88,168153,1212,402,167,235,560,254,306,487,252,235,536,291,245,402,197,205,230,106,124,219,122,97,225,176,49,3174,43
2020,187,6,9,922,95,215,572,48,264,67,275,269,143,88,88,168859,706,405,170,235,570,257,313,492,255,237,538,291,247,404,197,207,231,106,125,220,122,98,226,177,49,3199,25
2020,188,7,9,936,96,218,573,49,272,69,285,270,143,89,88,170440,1581,410,171,239,582,261,321,499,258,241,549,295,254,408,199,209,233,108,125,220,122,98,227,178,49,3241,42
2020,189,8,9,953,96,223,591,50,276,70,304,273,147,89,89,173000,2560,414,171,243,598,269,329,511,266,245,562,306,256,418,204,214,237,108,129,227,129,98,230,181,49,3319,78
2020,190,9,9,978,98,230,601,51,282,70,323,276,147,91,90,175489,2489,423,177,246,615,279,336,528,273,255,575,312,263,420,205,215,241,110,131,232,131,101,232,183,49,3396,77
2020,191,10,9,1016,102,235,614,53,285,72,349,280,149,93,91,178247,2758,439,184,255,631,285,346,554,284,270,589,319,270,435,210,225,245,113,132,235,133,102,235,186,49,3504,108
2020,192,11,9,1052,106,243,635,55,291,73,363,285,152,95,93,181438,3191,452,190,262,652,297,355,570,288,282,615,333,282,445,212,233,247,113,134,237,134,103,239,190,49,3609,105
2020,193,12,9,1072,118,252,656,56,291,73,390,289,153,96,93,183231,1793,463,194,269,670,308,362,584,294,290,638,345,293,458,220,238,250,114,136,243,139,104,244,193,51,3708,99
2020,194,13,9,1091,118,256,666,56,291,73,402,289,153,96,93,184341,1110,469,197,272,678,313,365,592,298,294,648,351,297,466,224,242,252,114,138,245,140,105,244,193,51,3755,47
2020,195,14,9,1118,127,261,676,56,293,73,421,295,153,99,95,186588,2247,476,202,274,693,326,367,610,312,298,667,366,301,479,230,249,252,114,138,253,145,108,245,194,51,3837,82
2020,196,15,9,1152,135,273,706,57,293,74,441,299,156,103,96,189711,3123,487,208,279,711,333,378,629,325,304,695,383,312,494,236,258,262,115,147,264,150,114,251,197,54,3960,123
2020,197,16,9,1191,137,284,724,58,297,75,457,301,158,105,99,192781,3070,500,215,285,726,341,385,655,338,317,716,393,323,503,241,262,270,117,153,267,152,115,257,202,55,4064,104
2020,198,17,9,1247,145,299,742,59,301,76,474,307,162,108,99,196338,3557,513,223,290,754,354,400,681,352,329,742,406,336,520,252,268,280,124,156,276,156,120,258,203,55,4201,137
2020,199,18,9,1294,152,305,757,60,303,76,495,311,166,108,101,199408,3070,528,230,298,770,358,412,704,366,338,763,423,340,541,264,277,284,124,160,279,156,123,259,203,56,4314,113
2020,200,19,9,1332,180,309,763,62,305,79,510,313,167,113,102,201696,2288,535,236,299,797,374,423,729,382,347,786,436,350,551,270,281,289,127,162,280,156,124,268,209,59,4425,111
2020,201,20,9,1340,180,309,780,62,306,79,527,314,167,113,102,202680,984,541,238,303,802,375,427,741,390,351,798,440,358,562,276,286,291,128,163,280,156,124,269,210,59,4475,50
2020,202,21,9,1377,186,317,793,64,307,79,539,315,168,113,105,205015,2335,550,239,311,814,383,431,755,399,356,819,447,372,577,284,293,298,132,166,281,157,124,271,212,59,4563,88
2020,203,22,9,1409,186,334,816,66,310,82,562,315,178,115,108,207631,2616,561,245,316,843,398,445,783,416,367,848,466,382,599,299,300,303,133,170,284,158,126,275,215,60,4699,136
2020,204,23,9,1452,192,343,834,67,312,84,577,320,184,116,108,210479,2848,579,251,328,854,406,448,809,430,379,871,480,391,621,312,309,312,137,175,286,159,127,277,216,61,4821,122
2020,205,24,9,1531,198,355,865,70,315,88,593,327,190,121,114,214124,3645,611,264,347,893,426,467,844,451,393,902,498,404,645,325,320,326,143,183,292,161,131,279,218,61,5013,192
2020,206,25,9,1596,201,378,885,70,320,91,623,331,195,123,121,216899,2775,637,280,357,922,442,480,882,474,408,948,527,421,665,339,326,332,146,186,298,164,134,281,220,61,5197,184
2020,207,26,9,1632,201,394,901,71,321,92,671,337,203,129,122,218816,1917,657,291,366,948,455,493,914,489,425,974,542,432,685,351,334,345,153,192,305,170,135,286,222,64,5355,158
2020,208,27,9,1645,201,396,905,72,324,92,676,343,205,129,122,219725,909,663,296,367,956,461,495,927,498,429,979,545,434,689,352,337,346,153,193,307,171,136,286,222,64,5394,39
2020,209,28,9,1663,204,410,926,72,328,95,680,346,209,136,125,222107,2382,675,303,372,978,475,503,942,506,436,997,558,439,703,359,344,352,155,197,314,176,138,288,222,66,5493,99
2020,210,29,9,1737,204,445,952,72,332,97,703,353,224,140,125,225498,3391,709,321,388,1010,489,521,988,528,460,1037,579,458,727,372,355,360,160,200,318,177,141,291,224,67,5696,203
2020,211,30,9,1790,206,461,973,74,343,101,736,365,232,143,127,228397,2899,724,330,394,1039,503,536,1029,545,484,1076,593,483,748,380,368,372,165,207,323,180,143,299,230,69,5871,175
2020,212,1,10,1879,207,483,1006,77,353,104,767,380,242,147,131,231678,3281,752,340,412,1077,517,560,1080,568,512,1120,617,503,786,393,393,384,169,215,333,186,147,308,236,72,6109,238
2020,213,2,10,1940,207,516,1038,78,363,108,802,394,252,154,141,234571,2893,778,351,427,1123,539,584,1123,585,538,1168,639,529,807,401,406,402,177,225,344,192,152,314,239,75,6336,227
2020,214,3,10,1987,207,539,1056,79,376,110,824,400,257,160,142,236511,1940,802,364,438,1150,556,594,1156,602,554,1199,653,546,824,412,412,418,185,233,350,195,155,314,239,75,6504,168
2020,215,4,10,2006,207,550,1062,79,377,113,843,407,257,166,143,237545,1034,811,367,444,1159,560,599,1168,608,560,1212,658,554,837,419,418,426,187,239,354,195,159,318,243,75,6579,75
2020,216,5,10,2061,208,589,1089,80,381,119,868,415,260,171,148,240054,2509,841,379,462,1179,566,613,1197,626,571,1257,687,570,864,432,432,435,191,244,363,202,161,324,245,79,6768,189
2020,217,6,10,2173,222,637,1135,83,411,128,912,426,277,179,153,244052,3998,896,410,486,1240,601,639,1268,662,606,1337,727,610,901,445,456,454,201,253,375,210,165,333,251,82,7124,356
2020,218,7,10,2326,232,691,1176,86,450,135,941,435,282,196,161,247707,3655,946,434,512,1308,632,676,1350,708,642,1411,772,639,944,467,477,480,215,265,386,215,171,344,258,86,7511,387
2020,219,8,10,2462,235,742,1230,89,472,145,973,451,290,204,165,251389,3682,1001,460,541,1370,665,705,1429,746,683,1472,808,664,998,497,501,496,223,273,395,221,174,352,264,88,7874,363
2020,220,9,10,2606,238,798,1261,92,496,158,1020,463,300,210,175,255751,4362,1063,496,567,1430,694,736,1489,778,711,1540,848,692,1036,514,522,524,240,284,416,231,185,364,271,93,8254,380
2020,221,10,10,2742,241,881,1287,98,508,195,1047,482,313,238,177,258707,2956,1120,526,594,1487,727,760,1573,835,738,1619,888,731,1073,530,543,550,258,292,436,246,190,385,289,96,8665,411
2020,222,11,10,2800,242,897,1298,100,521,202,1084,486,317,241,177,260111,1404,1151,545,606,1511,739,772,1598,843,755,1651,904,747,1097,546,551,554,260,294,447,253,194,392,294,98,8833,168
2020,223,12,10,2932,250,955,1352,115,554,210,1130,500,320,252,180,263419,3308,1219,585,634,1570,767,803,1678,886,792,1715,944,771,1145,571,574,581,273,308,459,261,198,401,301,100,9230,397
2020,224,13,10,3156,264,1105,1406,117,626,235,1171,538,343,284,191,268321,4902,1321,640,681,1674,817,857,1839,975,864,1836,1005,831,1242,619,623,612,291,321,481,272,209,422,314,108,9937,707
2020,225,14,10,3387,273,1222,1501,126,703,265,1241,564,365,305,205,273608,5287,1426,697,729,1797,886,911,2001,1073,928,1988,1085,903,1326,660,666,648,306,342,503,283,220,436,325,111,10682,745
2020,226,15,10,3648,282,1392,1577,137,784,312,1313,587,382,326,216,278804,5196,1560,754,806,1940,956,984,2158,1156,1002,2152,1178,974,1403,699,704,693,330,363,541,305,236,460,343,117,11516,834
2020,227,16,10,3891,293,1553,1697,141,861,361,1407,611,406,364,233,284409,5605,1680,810,870,2069,1025,1044,2359,1265,1094,2337,1284,1053,1509,752,757,733,353,380,573,327,246,487,361,126,12413,897
2020,228,17,10,4145,300,1680,1752,151,898,416,1466,649,426,387,245,288174,3765,1774,862,912,2193,1086,1107,2490,1340,1150,2485,1371,1114,1597,802,795,772,368,404,600,346,254,514,382,132,13139,726
2020,229,18,10,4349,301,1750,1791,156,932,426,1539,681,431,403,247,290811,2637,1867,907,960,2274,1123,1151,2593,1396,1197,2593,1423,1170,1667,841,826,798,377,421,619,355,264,522,389,133,13676,537
2020,230,19,10,4559,319,1918,1861,158,1000,454,1631,727,454,421,265,295137,4326,1942,944,998,2416,1201,1215,2774,1503,1271,2759,1512,1247,1764,902,862,841,395,446,668,381,287,547,408,139,14471,795
2020,231,20,10,4975,338,2206,2061,161,1120,496,1784,806,491,465,305,301028,5891,2142,1035,1107,2638,1323,1315,3117,1700,1417,3062,1674,1388,1935,994,941,928,437,491,715,404,311,605,456,149,15974,1503
2020,232,21,10,5506,378,2477,2263,166,1211,537,1956,923,517,517,359,307243,6215,2350,1137,1213,2913,1454,1459,3467,1886,1581,3393,1861,1532,2151,1108,1043,1014,473,541,795,453,342,654,496,158,17635,1661
2020,233,22,10,5959,390,2762,2548,171,1299,584,2141,1007,551,575,419,313988,6745,2555,1230,1325,3198,1608,1590,3816,2082,1734,3761,2073,1688,2346,1198,1148,1090,510,580,870,498,372,699,533,166,19290,1655
2020,234,23,10,6549,421,3165,2840,176,1403,637,2379,1091,595,626,435,321013,7025,2793,1342,1451,3511,1771,1740,4219,2295,1924,4197,2312,1885,2582,1318,1264,1199,560,639,952,549,403,772,586,186,21251,1961
2020,235,24,10,6999,463,3502,3047,184,1493,678,2567,1199,651,681,501,326789,5776,2983,1444,1539,3801,1915,1886,4594,2497,2097,4567,2522,2045,2797,1426,1371,1310,618,692,1014,583,431,808,612,196,22926,1675
2020,236,25,10,7362,465,3786,3132,187,1535,702,2709,1271,669,723,506,330471,3682,3093,1498,1595,3983,2001,1982,4868,2637,2231,4795,2641,2154,2933,1500,1433,1377,649,728,1069,618,451,841,639,202,24041,1115
2020,237,26,10,7790,481,4031,3307,193,1638,739,2901,1362,714,764,556,336227,5756,3238,1571,1667,4202,2121,2081,5216,2843,2373,5114,2814,2300,3130,1601,1529,1460,692,768,1136,652,484,922,700,222,25540,1499
2020,238,27,10,8531,522,4467,3699,198,1859,806,3118,1546,762,840,656,343698,7471,3480,1691,1789,4653,2360,2293,5776,3143,2633,5717,3136,2581,3468,1777,1691,1620,751,869,1242,707,535,989,740,249,28145,2605
2020,239,28,10,9333,557,4963,4017,206,1984,842,3370,1681,805,915,734,350900,7202,3694,1793,1901,5092,2588,2504,6360,3471,2889,6291,3447,2844,3804,1946,1858,1748,814,934,1351,755,596,1042,781,261,30633,2488
2020,240,29,10,9933,581,5278,4303,218,2085,881,3553,1764,842,949,755,357268,6368,3826,1861,1965,5381,2743,2638,6781,3710,3071,6701,3679,3022,4028,2054,1974,1865,871,994,1452,820,632,1114,836,278,32431,1798
2020,241,30,10,10418,597,5598,4504,223,2167,914,3841,1859,862,1091,790,363978,6710,3945,1925,2020,5635,2868,2767,7182,3919,3263,7090,3914,3176,4271,2187,2084,2015,937,1078,1588,901,687,1195,894,301,34225,1794
2020,242,31,10,10841,620,5759,4627,229,2213,929,4109,1961,888,1158,810,368785,4807,4021,1962,2059,5860,3001,2859,7475,4073,3402,7394,4080,3314,4465,2291,2174,2116,984,1132,1674,952,722,1248,938,310,35567,1342
2020,243,1,11,10986,620,5810,4673,229,2237,942,4263,2045,893,1167,811,371029,2244,4052,1980,2072,5945,3046,2899,7589,4131,3458,7489,4130,3359,4559,2335,2224,2168,1008,1160,1711,968,743,1291,971,320,36124,557
2020,244,2,11,11323,652,6037,4815,239,2327,971,4384,2114,920,1186,848,375616,4587,4108,2008,2100,6112,3127,2985,7844,4263,3581,7746,4264,3482,4745,2425,2320,2241,1042,1199,1815,1038,777,1362,1027,335,37300,1176
2020,245,3,11,11842,683,6328,5138,245,2451,1015,4673,2293,959,1265,905,381927,6311,4215,2057,2158,6413,3293,3120,8265,4509,3756,8235,4511,3724,5059,2585,2474,2387,1104,1283,1954,1120,834,1457,1094,363,39327,2027
2020,246,4,11,12285,718,6574,5314,253,2511,1049,4934,2475,994,1368,952,387918,5991,4311,2098,2213,6675,3424,3251,8606,4684,3922,8604,4710,3894,5282,2704,2578,2525,1158,1367,2075,1189,886,1579,1189,390,41012,1685
2020,247,5,11,12741,736,6776,5531,258,2617,1081,5175,2621,1014,1420,985,393813,5895,4410,2150,2260,6905,3544,3361,8896,4844,4052,8914,4893,4021,5511,2824,2687,2670,1230,1440,2202,1267,935,1706,1292,414,42572,1560
2020,248,6,11,13191,765,6971,5683,268,2720,1121,5392,2798,1073,1485,1031,400153,6340,4513,2199,2314,7130,3657,3472,9183,5016,4167,9233,5087,4146,5760,2947,2813,2830,1303,1527,2344,1344,1000,1825,1377,448,44184,1612
2020,249,7,11,13447,768,7077,5741,273,2752,1136,5593,2882,1099,1508,1037,404071,3918,4568,2231,2337,7252,3719,3532,9357,5111,4246,9420,5187,4233,5882,3007,2875,2921,1347,1574,2425,1392,1033,1876,1413,463,45073,889
2020,250,8,11,13513,769,7118,5792,274,2780,1146,5724,2979,1106,1518,1041,406134,2063,4591,2239,2352,7329,3766,3562,9430,5149,4281,9517,5235,4282,5961,3049,2912,2966,1369,1597,2470,1414,1056,1898,1427,471,45537,464
2020,251,9,11,13777,793,7301,5959,276,2893,1178,5822,3073,1128,1537,1078,410591,4457,4658,2275,2383,7494,3855,3638,9658,5274,4384,9733,5346,4387,6126,3140,2986,3049,1402,1647,2558,1459,1099,1961,1474,487,46621,1084
2020,252,10,11,14332,833,7619,6233,281,3040,1214,6182,3219,1190,1680,1133,418106,7515,4800,2339,2461,7838,4028,3809,10024,5463,4561,10186,5589,4597,6440,3288,3152,3255,1493,1762,2721,1560,1161,2180,1648,532,48838,2217
2020,253,11,11,14790,895,7846,6487,290,3179,1263,6474,3411,1264,1728,1184,424873,6767,4954,2420,2534,8138,4179,3958,10387,5647,4740,10602,5819,4783,6742,3437,3305,3382,1551,1831,2867,1648,1219,2289,1738,551,50763,1925
2020,254,12,11,15119,921,8039,6724,299,3272,1292,6768,3557,1288,1782,1229,430635,5762,5053,2471,2582,8393,4308,4084,10648,5787,4861,10905,5973,4932,6951,3560,3391,3515,1607,1908,2980,1720,1260,2416,1835,581,52271,1508
2020,255,13,11,15496,966,8224,6927,300,3377,1355,7107,3745,1352,1827,1281,437292,6657,5169,2532,2637,8660,4439,4220,10954,5952,5002,11257,6164,5093,7209,3688,3521,3649,1662,1987,3121,1800,1321,2557,1935,622,54002,1731
2020,256,14,11,15689,969,8312,7053,300,3428,1363,7324,3843,1352,1911,1287,440855,3563,5227,2560,2667,8806,4523,4282,11142,6058,5084,11448,6264,5184,7334,3755,3579,3724,1699,2025,3191,1843,1348,2617,1983,634,54921,919
2020,257,15,11,15772,974,8363,7075,301,3492,1376,7437,3906,1363,1919,1301,442647,1792,5254,2571,2683,8883,4569,4313,11226,6099,5127,11533,6308,5225,7391,3778,3613,3766,1718,2048,3243,1872,1371,2690,2040,650,55422,501
2020,258,16,11,16114,1012,8546,7241,307,3587,1425,7635,3999,1410,1968,1367,447973,5326,5345,2622,2723,9106,4689,4416,11492,6236,5256,11822,6459,5363,7568,3868,3700,3863,1759,2104,3338,1929,1409,2836,2158,678,56810,1388
2020,259,17,11,16517,1042,8766,7513,313,3777,1475,7987,4174,1482,2024,1445,454786,6813,5469,2687,2782,9391,4826,4564,11868,6429,5439,12217,6661,5556,7862,4014,3848,4020,1837,2183,3521,2043,1478,3022,2303,719,58822,2012
2020,260,18,11,16869,1084,8952,7849,315,3903,1537,8425,4345,1530,2135,1498,461592,6806,5633,2766,2867,9709,4989,4719,12220,6613,5607,12641,6896,5745,8152,4155,3997,4189,1909,2280,3688,2148,1540,3182,2430,752,60886,2064
2020,261,19,11,17207,1113,9089,8119,319,4003,1610,8696,4479,1582,2204,1534,467265,5673,5761,2840,2921,9941,5102,4838,12483,6771,5712,12896,7053,5843,8368,4261,4107,4288,1955,2333,3840,2252,1588,3364,2582,782,62432,1546
2020,262,20,11,17512,1122,9261,8365,324,4122,1659,9035,4623,1639,2273,1584,473845,6580,5902,2912,2990,10220,5252,4967,12765,6906,5859,13236,7239,5997,8628,4398,4230,4425,2014,2411,3959,2322,1637,3479,2668,811,64119,1687
2020,263,21,11,17689,1174,9344,8521,328,4171,1681,9262,4735,1644,2312,1597,477279,3434,5982,2949,3033,10390,5347,5042,12949,6999,5950,13458,7357,6101,8788,4475,4313,4517,2051,2466,4025,2359,1666,3523,2698,825,65142,1023
2020,264,22,11,17764,1174,9371,8576,329,4206,1694,9398,4821,1659,2317,1599,479021,1742,6024,2970,3054,10478,5399,5078,13020,7030,5990,13549,7398,6151,8839,4498,4341,4547,2069,2478,4074,2391,1683,3564,2735,829,65612,470
2020,265,23,11,18088,1195,9525,8784,337,4300,1745,9542,4949,1696,2352,1642,484617,5596,6104,3015,3089,10682,5507,5174,13230,7142,6088,13807,7541,6266,9024,4593,4431,4645,2111,2534,4179,2448,1731,3718,2859,859,66913,1301
2020,266,24,11,18452,1245,9707,9165,350,4509,1847,9958,5111,1752,2417,1720,492680,8063,6277,3106,3171,11044,5707,5336,13686,7398,6288,14241,7786,6455,9331,4754,4577,4793,2178,2615,4346,2556,1790,3882,2992,890,69138,2225
2020,267,25,11,18893,1276,9830,9455,357,4633,1913,10235,5237,1832,2489,1784,500076,7396,6406,3174,3232,11340,5849,5490,14024,7565,6459,14594,7982,6612,9587,4887,4700,4912,2237,2675,4483,2634,1849,4011,3094,917,70906,1768
2020,268,26,11,19131,1332,9951,9751,362,4812,2020,10491,5361,1865,2546,1854,506663,6587,6539,3248,3291,11567,5980,5586,14307,7700,6607,14918,8150,6768,9803,5003,4800,5049,2308,2741,4614,2717,1897,4148,3205,943,72515,1609
2020,269,27,11,19494,1363,10075,10019,369,4943,2070,10780,5475,1896,2612,1939,513601,6938,6664,3310,3354,11816,6108,5707,14582,7857,6725,15215,8331,6884,10022,5098,4924,5169,2363,2806,4769,2820,1949,4287,3316,971,74106,1591
2020,270,28,11,19646,1408,10148,10154,376,5006,2110,11122,5585,1911,2648,1960,517245,3644,6730,3341,3389,12003,6204,5798,14790,7962,6828,15415,8436,6979,10191,5182,5009,5268,2410,2858,4852,2870,1982,4373,3382,991,75212,1106
2020,271,29,11,19723,1432,10163,10184,379,5022,2138,11232,5652,1927,2659,1963,519120,1875,6756,3357,3399,12085,6255,5829,14856,7991,6865,15496,8481,7015,10251,5211,5040,5310,2425,2885,4884,2893,1991,4401,3403,998,75637,425
2020,272,30,11,20013,1489,10291,10371,384,5134,2218,11410,5731,1969,2696,2020,524988,5868,6863,3415,3448,12269,6338,5930,15076,8115,6961,15734,8626,7108,10416,5299,5117,5413,2476,2937,5016,2973,2043,4538,3509,1029,76928,1291
2020,273,1,12,20462,1547,10473,10711,396,5357,2386,11903,5877,2013,2808,2148,532166,7178,7044,3513,3531,12628,6510,6117,15577,8390,7187,16212,8866,7346,10753,5455,5298,5588,2562,3026,5192,3087,2105,4742,3675,1067,79357,2429
2020,274,2,12,20827,1609,10637,10988,401,5513,2464,12162,5992,2075,2871,2228,538870,6704,7204,3585,3619,12899,6655,6243,15908,8556,7352,16578,9066,7512,11007,5577,5430,5714,2630,3084,5313,3154,2159,4865,3772,1093,81129,1772
2020,275,3,12,21154,1676,10759,11212,405,5677,2557,12571,6148,2099,2948,2298,545798,6928,7347,3666,3681,13189,6797,6391,16260,8740,7520,16888,9244,7644,11251,5709,5542,5850,2698,3152,5444,3238,2206,5020,3902,1118,82915,1786
2020,276,4,12,21420,1737,10893,11459,417,5812,2637,12904,6246,2133,3026,2411,552142,6344,7465,3735,3730,13467,6934,6532,16563,8907,7656,17201,9411,7790,11479,5830,5649,5974,2754,3220,5570,3314,2256,5160,4008,1152,84562,1647
2020,277,5,12,21583,1756,10950,11600,421,5895,2665,13160,6366,2145,3089,2416,555886,3744,7567,3789,3778,13648,7027,6620,16759,9000,7759,17372,9513,7859,11611,5909,5702,6069,2802,3267,5651,3369,2282,5226,4058,1168,85595,1033
2020,278,6,12,21664,1757,10973,11660,426,5917,2700,13276,6435,2150,3094,2417,557637,1751,7595,3803,3792,13743,7073,6669,16855,9051,7804,17454,9553,7901,11678,5944,5734,6106,2816,3290,5688,3390,2298,5260,4083,1177,86075,480
2020,279,7,12,22070,1811,11119,11847,431,6077,2841,13482,6517,2210,3161,2493,563795,6158,7698,3856,3842,14023,7215,6807,17127,9201,7926,17769,9721,8047,11874,6050,5824,6230,2873,3357,5851,3496,2355,5419,4205,1214,87705,1630
2020,280,8,12,22463,1876,11305,12119,438,6367,2945,13769,6706,2272,3278,2592,570798,7003,7877,3946,3931,14378,7392,6985,17559,9405,8154,18212,9969,8242,12186,6203,5983,6407,2955,3452,5977,3561,2416,5510,4269,1241,89845,2140
2020,281,9,12,22767,1911,11428,12516,444,6508,3037,14182,6828,2300,3299,2662,577208,6410,8016,4016,4000,14729,7587,7141,17910,9574,8336,18611,10198,8412,12447,6313,6134,6538,3019,3519,6084,3620,2464,5591,4334,1257,91697,1852
2020,282,10,12,23100,1957,11562,12793,451,6722,3163,14427,6963,2372,3380,2735,583661,6453,8153,4091,4062,15020,7724,7295,18241,9744,8497,18947,10395,8551,12730,6458,6272,6687,3092,3595,6224,3699,2525,5703,4418,1285,93513,1816
2020,283,11,12,23400,2002,11709,13093,458,6887,3275,14743,7067,2424,3460,2812,589788,6127,8291,4169,4122,15326,7883,7442,18575,9922,8653,19309,10578,8730,12993,6591,6402,6807,3151,3656,6341,3769,2572,5783,4484,1299,95263,1750
2020,284,12,12,23575,2010,11799,13229,460,6964,3306,14895,7151,2429,3491,2824,592436,2648,8352,4197,4155,15465,7956,7508,18738,10015,8723,19462,10654,8807,13129,6668,6461,6877,3180,3697,6402,3803,2599,5825,4518,1307,96097,834
2020,285,13,12,23660,2012,11812,13245,462,7022,3320,15036,7205,2433,3495,2829,594115,1679,8377,4209,4168,15525,7990,7534,18823,10064,8759,19543,10695,8847,13188,6694,6494,6922,3201,3721,6440,3826,2614,5862,4545,1317,96531,434
2020,286,14,12,24011,2049,11941,13484,463,7161,3417,15221,7297,2493,3584,2903,599749,5634,8470,4267,4203,15764,8107,7655,19096,10202,8894,19850,10864,8985,13404,6808,6596,7035,3249,3786,6574,3910,2664,6006,4662,1344,98063,1532
2020,287,15,12,24339,2119,12121,13876,466,7452,3493,15497,7461,2545,3658,3007,606328,6579,8616,4347,4269,16101,8287,7812,19506,10401,9105,20283,11109,9173,13736,6966,6770,7189,3324,3865,6703,3992,2711,6128,4761,1367,100175,2112
2020,288,16,12,24670,2144,12267,14109,471,7612,3617,15748,7575,2613,3711,3096,612678,6350,8747,4408,4339,16369,8424,7943,19861,10581,9280,20606,11280,9325,13971,7096,6875,7327,3390,3937,6801,4049,2752,6192,4809,1383,101823,1648
2020,289,17,12,24997,2166,12369,14329,474,7756,3684,16082,7678,2665,3752,3158,618540,5862,8863,4467,4396,16627,8570,8055,20160,10745,9415,20907,11431,9475,14194,7213,6981,7450,3444,4006,6902,4111,2791,6263,4859,1404,103340,1517
2020,290,18,12,25265,2211,12471,14532,476,7946,3732,16307,7791,2725,3812,3217,624140,5600,8959,4509,4450,16875,8691,8182,20456,10906,9550,21174,11593,9580,14418,7314,7104,7563,3497,4066,7006,4177,2829,6323,4910,1413,104770,1430
2020,291,19,12,25468,2214,12520,14628,478,8026,3790,16548,7869,2736,3823,3220,626786,2646,9034,4541,4493,17061,8788,8271,20615,10995,9620,21316,11676,9639,14567,7386,7181,7654,3543,4111,7050,4199,2851,6347,4926,1421,105654,884
2020,292,20,12,25545,2218,12533,14655,479,8063,3804,16665,7934,2743,3832,3222,628232,1446,9064,4563,4501,17124,8821,8301,20703,11043,9660,21371,11709,9661,14621,7405,7216,7694,3553,4141,7085,4218,2867,6367,4939,1428,106049,395
2020,293,21,12,25871,2272,12643,14886,481,8254,3876,16835,8047,2788,3872,3346,633995,5763,9151,4610,4541,17347,8940,8405,20993,11193,9800,21665,11879,9785,14843,7515,7328,7816,3601,4215,7230,4308,2922,6499,5042,1457,107531,1482
2020,294,22,12,26274,2326,12785,15207,482,8560,4011,17166,8167,2852,3964,3452,640519,6524,9306,4703,4603,17700,9119,8579,21397,11410,9987,22103,12111,9990,15199,7680,7519,8004,3694,4310,7367,4382,2985,6581,5107,1474,109443,1912
2020,295,23,12,26673,2359,12933,15555,487,8771,4144,17544,8295,2910,4036,3516,646904,6385,9466,4776,4690,18045,9312,8731,21788,11625,10163,22516,12331,10183,15549,7853,7696,8186,3782,4404,7478,4441,3037,6648,5165,1483,111107,1664
2020,296,24,12,27064,2382,13057,15791,489,8939,4324,17844,8402,2965,4108,3573,652091,5187,9629,4853,4776,18346,9463,8881,22122,11786,10336,22864,12519,10343,15842,8005,7837,8344,3856,4488,7588,4500,3088,6707,5209,1498,112472,1365
2020,297,25,12,27166,2385,13093,15810,489,8963,4335,17919,8465,2968,4117,3577,653427,1336,9661,4870,4791,18398,9487,8909,22185,11814,10371,22930,12560,10368,15901,8029,7872,8379,3873,4506,7623,4516,3107,6726,5224,1502,112830,358
2020,298,26,12,27308,2388,13138,15892,492,9024,4390,17994,8494,2981,4158,3584,655307,1880,9705,4898,4807,18506,9540,8964,22308,11879,10429,23061,12627,10432,15974,8061,7913,8442,3899,4543,7662,4539,3123,6754,5245,1509,113378,548
2020,299,27,12,27453,2392,13165,15913,493,9055,4406,18146,8587,2989,4166,3587,656971,1664,9738,4921,4817,18593,9591,9000,22421,11943,10478,23156,12673,10481,16051,8098,7953,8477,3916,4561,7701,4558,3143,6786,5266,1520,113873,495
2020,300,28,12,27914,2469,13333,16170,497,9259,4569,18412,8668,3040,4228,3724,662648,5677,9881,4989,4892,18951,9779,9170,22790,12148,10642,23553,12893,10657,16354,8248,8106,8684,4023,4661,7804,4611,3193,6868,5326,1542,115426,1553
2020,301,29,12,28398,2550,13503,16445,501,9533,4715,18746,8855,3136,4316,3881,668412,5764,10069,5081,4988,19348,9971,9375,23274,12409,10864,23969,13116,10850,16761,8446,8315,8927,4140,4786,7955,4702,3253,6966,5400,1566,117279,1853
2020,302,30,12,28924,2565,13714,16853,502,9785,4835,19051,8988,3222,4446,3978,674423,6011,10305,5215,5090,19770,10194,9574,23707,12653,11053,24424,13367,11054,17172,8654,8518,9143,4241,4901,8098,4778,3320,7021,5442,1579,119096,1817
2020,303,31,12,29271,2585,13819,17090,505,9971,4971,19332,9127,3270,4556,4031,678496,4073,10471,5303,5168,20072,10340,9730,24070,12869,11199,24746,13536,11207,17442,8790,8652,9288,4313,4974,8202,4835,3367,7062,5471,1591,120535,1439
2020,303,31,12,29271,2585,13819,17090,505,9971,4971,19332,9127,3270,4556,4031,678496,4073,10471,5303,5168,20072,10340,9730,24070,12869,11199,24746,13536,11207,17442,8790,8652,9288,4313,4974,8202,4835,3367,7062,5471,1591,120535,1439
2020,303,31,12,29271,2585,13819,17090,505,9971,4971,19332,9127,3270,4556,4031,678496,4073,10471,5303,5168,20072,10340,9730,24070,12869,11199,24746,13536,11207,17442,8790,8652,9288,4313,4974,8202,4835,3367,7062,5471,1591,120535,1439
2020,303,31,12,29271,2585,13819,17090,505,9971,4971,19332,9127,3270,4556,4031,678496,4073,10471,5303,5168,20072,10340,9730,24070,12869,11199,24746,13536,11207,17442,8790,8652,9288,4313,4974,8202,4835,3367,7062,5471,1591,120535,1439
2020,303,31,12,29271,2585,13819,17090,505,9971,4971,19332,9127,3270,4556,4031,678496,4073,10471,5303,5168,20072,10340,9730,24070,12869,11199,24746,13536,11207,17442,8790,8652,9288,4313,4974,8202,4835,3367,7062,5471,1591,120535,1439
